file,r_arm_mean,r_arm_variance,l_arm_mean,l_arm_variance,r_armpit_mean,r_armpit_variance,l_armpit_mean,l_armpit_variance,r_hip_mean,r_hip_variance,l_hip_mean,l_hip_variance,class
Bad 2.mov,250.189021,2780.04434,133.4625175,11262.75146,270.1381119,18466.13265,19.80118881,19.75406125,182.3268531,2.060004816,171.9714685,5.343149237,0
Bad 3.mov,140.8446067,4423.869271,187.082809,6844.543573,295.8257303,10617.9501,40.38494382,6999.273409,180.8997753,4581.529775,156.9953933,4813.039261,0
Bad 4.mov,243.0219136,5714.196401,131.2232099,11170.00013,333.5338889,120.6663991,27.88771605,65.67440655,188.7857407,7.507463112,172.8590741,3.613618392,0
Bad 5.mov,238.3018919,2397.108237,250.6185811,3007.962356,344.8955405,160.5720902,113.1510811,22670.54621,184.9083108,51.93095019,173.8597297,28.12390333,0
Bad 6.mov,233.8550515,864.8625773,239.0625773,1255.262873,341.0116495,3753.313185,17.0014433,8.651208312,186.7791753,7.883688896,177.582268,1.977846886,0
Bad.mov,212.4063433,6011.300733,240.9698507,2880.289973,187.4139552,26331.50311,114.9641045,22906.20888,189.9189552,657.1226591,181.0260448,241.8592376,0
Good 2.mov,150.567713,8700.885966,130.3763677,3281.368487,326.071435,104.0685907,18.95040359,13.76092551,182.1695516,6.105222321,169.3021973,19.67863884,1
Good 3.mov,180.7749505,5366.689411,257.5553465,14451.40014,306.8318812,4630.465861,130.9161386,19793.3449,258.4960396,9144.96719,225.5711881,17002.57907,1
