,file,r_arm_mean,r_arm_variance,l_arm_mean,l_arm_variance,r_armpit_mean,r_armpit_variance,l_armpit_mean,l_armpit_variance,r_hip_mean,r_hip_variance,l_hip_mean,l_hip_variance,class
0,Bad 2.mov,250.18902097902097,2780.044339879839,133.46251748251748,11262.751462631735,270.1381118881119,18466.13264781838,19.801188811188812,19.754061252831676,182.32685314685315,2.0600048163104523,171.97146853146853,5.34314923667881,0
1,Bad 3.mov,140.84460674157305,4423.869270582227,187.08280898876404,6844.543572701737,295.82573033707865,10617.950102017365,40.38494382022472,6999.273409371807,180.89977528089887,4581.529774948927,156.99539325842696,4813.039261491318,0
2,Bad 4.mov,243.02191358024692,5714.1964006632925,131.22320987654322,11170.000134974312,333.5338888888889,120.666399068323,27.887716049382718,65.67440655241163,188.78574074074075,7.507463112491375,172.85907407407407,3.613618391994477,0
3,Bad 5.mov,238.3018918918919,2397.108237212723,250.6185810810811,3007.9623564763747,344.89554054054054,160.5720901820187,113.15108108108107,22670.546213789297,184.9083108108108,51.93095018845376,173.85972972972974,28.123903327817597,0
4,Bad 6.mov,233.85505154639176,864.8625773410653,239.06257731958763,1255.2628734965638,341.01164948453606,3753.313184750859,17.001443298969072,8.65120831185567,186.77917525773196,7.883688896048116,177.5822680412371,1.9778468857388334,0
5,Bad.mov,212.4063432835821,6011.300733144429,240.96985074626866,2880.2899729098867,187.4139552238806,26331.50311281001,114.96410447761194,22906.208884530355,189.9189552238806,657.1226590506117,181.0260447761194,241.85923762204018,0
6,Good 2.mov,150.5677130044843,8700.885966367712,130.3763677130045,3281.3684871975115,326.07143497757846,104.06859072435661,18.950403587443947,13.760925512059144,182.16955156950672,6.105222320526805,169.30219730941704,19.678638843776508,1
7,Good 3.mov,180.7749504950495,5366.689411247525,257.55534653465344,14451.400143128712,306.8318811881188,4630.465861425743,130.9161386138614,19793.344901940593,258.4960396039604,9144.967190158415,225.57118811881188,17002.579074574256,1
